{
  "efficiency": {
    "sisyphus_to_transformer_training_throughput_ratio": 0.19386283540221913,
    "transformer_training_speedup": 5.15828625907198
  },
  "models": {
    "sisyphus": {
      "parameters": [
        29811
      ],
      "peak_rss_kib_stats": {
        "mean": 811254.4,
        "n": 5,
        "sample_std": 82566.82755683424,
        "standard_error": 36925.00782071685
      },
      "steady_training_tokens_per_second_stats": {
        "mean": 1039.306401944757,
        "n": 5,
        "sample_std": 44.96358777737945,
        "standard_error": 20.108327756499826
      },
      "test_bits_per_byte": [
        3.154457540992069,
        3.1924731450823995,
        3.1459942317474474,
        3.1343149759186795,
        3.1190651667775176
      ],
      "test_bits_per_byte_stats": {
        "mean": 3.1492610121036226,
        "n": 5,
        "sample_std": 0.027568719935640574,
        "standard_error": 0.012329106365749189
      },
      "test_inference_tokens_per_second_stats": {
        "mean": 1455.3307488404348,
        "n": 5,
        "sample_std": 71.72396030132222,
        "standard_error": 32.07593016985056
      },
      "training_elapsed_seconds_stats": {
        "mean": 284.8423114522011,
        "n": 5,
        "sample_std": 9.068335534364955,
        "standard_error": 4.055482939523384
      }
    },
    "transformer": {
      "parameters": [
        29792
      ],
      "peak_rss_kib_stats": {
        "mean": 840147.2,
        "n": 5,
        "sample_std": 43670.85265025174,
        "standard_error": 19530.19903226795
      },
      "steady_training_tokens_per_second_stats": {
        "mean": 5361.039932117181,
        "n": 5,
        "sample_std": 109.2573201942989,
        "standard_error": 48.86135899878257
      },
      "test_bits_per_byte": [
        3.058138259666473,
        3.030163142469417,
        3.0687382276208357,
        3.0937970780028734,
        3.0885393963833465
      ],
      "test_bits_per_byte_stats": {
        "mean": 3.067875220828589,
        "n": 5,
        "sample_std": 0.02557686883829891,
        "standard_error": 0.011438323474806486
      },
      "test_inference_tokens_per_second_stats": {
        "mean": 5779.29621778502,
        "n": 5,
        "sample_std": 146.86301500931765,
        "standard_error": 65.67913698828123
      },
      "training_elapsed_seconds_stats": {
        "mean": 60.240106416403435,
        "n": 5,
        "sample_std": 7.194141444385195,
        "standard_error": 3.217317861878764
      }
    }
  },
  "paired": {
    "bootstrap_95_percent_ci": [
      0.043868668149313186,
      0.12475343741606996
    ],
    "definition": "Sisyphus test bpb minus Transformer test bpb; negative favors Sisyphus",
    "differences": [
      0.09631928132559642,
      0.16231000261298245,
      0.07725600412661171,
      0.04051789791580607,
      0.030525770394171037
    ],
    "mean_relative_bpb_reduction_percent": -2.6528390308212213,
    "quality_edge_supported": false,
    "seeds": [
      19,
      31,
      47,
      73,
      127
    ],
    "sisyphus_wins": 0,
    "stats": {
      "mean": 0.08138579127503354,
      "n": 5,
      "sample_std": 0.05254930703461633,
      "standard_error": 0.023500764539982
    },
    "ties": 0,
    "transformer_wins": 5
  },
  "recursive_revision": {
    "definition": "round 2 bpb minus round 1 bpb; negative means revision improved prediction",
    "differences": [
      -0.03536343813354348,
      -0.04627055635343158,
      -0.04148946015727706,
      -0.028732539540371693,
      -0.029868957901610038
    ],
    "improved_seeds": 5,
    "stats": {
      "mean": -0.03634499041724677,
      "n": 5,
      "sample_std": 0.007513891775267045,
      "standard_error": 0.003360314557014737
    }
  }
}
