{
  "environment": {
    "device": "CPU",
    "platform": "Linux-6.12.85+deb13-amd64-x86_64-with-glibc2.41"
  },
  "final_test": {
    "bits_per_byte": 6.998528707656716,
    "elapsed_seconds": 3.583003205996647,
    "nats_per_byte": 4.85101044178009,
    "perplexity": 127.86952930589963,
    "tokens": 4096,
    "tokens_per_second": 1143.175086515352
  },
  "final_validation": {
    "bits_per_byte": 7.027744260472036,
    "elapsed_seconds": 1.8989002460002666,
    "nats_per_byte": 4.871261119842529,
    "perplexity": 130.4853708669403,
    "tokens": 2048,
    "tokens_per_second": 1078.5190029406697
  },
  "path_diagnostics_last_batch": [
    {
      "phase_circular_mean": 1.9252957105636597,
      "phase_std": 1.9438135623931885,
      "radius_max": 4.908017635345459,
      "radius_mean": 2.1911568641662598
    },
    {
      "phase_circular_mean": 1.8372585773468018,
      "phase_std": 1.908363938331604,
      "radius_max": 9.120397567749023,
      "radius_mean": 4.4516401290893555
    }
  ],
  "protocol": {
    "batch_size": 4,
    "context_length": 128,
    "corpus_bytes": 200000,
    "corpus_sha256": "650afa43b5b793c41c9b0783da50dfe82bc21759c2d6e3bd0f147050f0b8a0f4",
    "data_seed": 10043,
    "implementation_sha256": {
      "benchmark_complex_path.py": "ed9efb9452951eff69ab60df78cbcf511b13ff516029252e862599b7c69e8b04",
      "complex_path.py": "8be3c41ba5cac21ac64b0207f5f83fa3370f37f1d5ca79a3a79e57adb6be61bc",
      "synthetic_data.py": "b76030824ecea0837ea3d4d4d5542b42e43958b9023f46161dca5e125eff677c"
    },
    "model": {
      "arm": "complex",
      "complex_mode": true,
      "context_length": 128,
      "ffn_hidden": 80,
      "name": "rebis-path-complex",
      "phase_destroy": false,
      "rounds": 2,
      "vocab_size": 256,
      "width": 20
    },
    "parameters": 32171,
    "schedule_sha256": "c98b927a13360850a2065e538eb41c9ab0d261a16fd292817d307b74ce756e4b",
    "seed": 43,
    "steps": 150,
    "version": "rebis-path-pilot-v1"
  },
  "run_id": "complex.seed_43.steps_150.ctx_128",
  "status": "complete",
  "train_final_loss": 5.548675537109375,
  "train_first_loss": 6.562328815460205,
  "training_elapsed_seconds": 73.59992055199837
}
