{
  "environment": {
    "device": "CPU",
    "platform": "Linux-6.12.85+deb13-amd64-x86_64-with-glibc2.41"
  },
  "final_test": {
    "bits_per_byte": 7.015764550952211,
    "elapsed_seconds": 3.148852136997448,
    "nats_per_byte": 4.862957417964935,
    "perplexity": 129.4063454007936,
    "tokens": 4096,
    "tokens_per_second": 1300.79146996902
  },
  "final_validation": {
    "bits_per_byte": 7.037088937806667,
    "elapsed_seconds": 1.6019409689979511,
    "nats_per_byte": 4.877738356590271,
    "perplexity": 131.33329865614326,
    "tokens": 2048,
    "tokens_per_second": 1278.44910619963
  },
  "path_diagnostics_last_batch": [
    {
      "phase_circular_mean": 0.077717125415802,
      "phase_std": 1.7116082906723022,
      "radius_max": 6.30007791519165,
      "radius_mean": 2.667994976043701
    },
    {
      "phase_circular_mean": 0.09263215214014053,
      "phase_std": 1.710455060005188,
      "radius_max": 12.46141242980957,
      "radius_mean": 5.509432792663574
    }
  ],
  "protocol": {
    "batch_size": 4,
    "context_length": 128,
    "corpus_bytes": 200000,
    "corpus_sha256": "650afa43b5b793c41c9b0783da50dfe82bc21759c2d6e3bd0f147050f0b8a0f4",
    "data_seed": 10029,
    "implementation_sha256": {
      "benchmark_complex_path.py": "17652b1c4bdb4da58edf1dd1e0080bfe356e5af91802fc231e4930ac22cf1341",
      "complex_path.py": "8be3c41ba5cac21ac64b0207f5f83fa3370f37f1d5ca79a3a79e57adb6be61bc",
      "synthetic_data.py": "b76030824ecea0837ea3d4d4d5542b42e43958b9023f46161dca5e125eff677c"
    },
    "model": {
      "arm": "complex",
      "complex_mode": true,
      "context_length": 128,
      "ffn_hidden": 80,
      "name": "rebis-path-complex",
      "phase_destroy": false,
      "rounds": 2,
      "vocab_size": 256,
      "width": 20
    },
    "parameters": 32171,
    "schedule_sha256": "3699cf903ae23d931c14bb45380085d54ff04fc6ecfb7e435cc339080792f29c",
    "seed": 29,
    "steps": 150,
    "version": "rebis-path-pilot-v1"
  },
  "run_id": "complex.seed_29.steps_150.ctx_128",
  "status": "complete",
  "train_final_loss": 5.655416011810303,
  "train_first_loss": 6.632558345794678,
  "training_elapsed_seconds": 68.78922639400116
}
