{
  "environment": {
    "device": "CPU",
    "platform": "Linux-6.12.85+deb13-amd64-x86_64-with-glibc2.41"
  },
  "final_test": {
    "bits_per_byte": 7.008145547536337,
    "elapsed_seconds": 1.7092421900015324,
    "nats_per_byte": 4.857676327228546,
    "perplexity": 128.7247401426338,
    "tokens": 4096,
    "tokens_per_second": 2396.383627762153
  },
  "final_validation": {
    "bits_per_byte": 7.025429889939375,
    "elapsed_seconds": 0.8523772170010488,
    "nats_per_byte": 4.869656920433044,
    "perplexity": 130.27621412146755,
    "tokens": 2048,
    "tokens_per_second": 2402.692093537596
  },
  "path_diagnostics_last_batch": [
    {
      "phase_circular_mean": 1.185536503791809,
      "phase_std": 1.588362455368042,
      "radius_max": 7.464816570281982,
      "radius_mean": 3.39971923828125
    }
  ],
  "protocol": {
    "batch_size": 4,
    "context_length": 128,
    "corpus_bytes": 200000,
    "corpus_sha256": "650afa43b5b793c41c9b0783da50dfe82bc21759c2d6e3bd0f147050f0b8a0f4",
    "data_seed": 10029,
    "implementation_sha256": {
      "benchmark_complex_path.py": "ed9efb9452951eff69ab60df78cbcf511b13ff516029252e862599b7c69e8b04",
      "complex_path.py": "8be3c41ba5cac21ac64b0207f5f83fa3370f37f1d5ca79a3a79e57adb6be61bc",
      "synthetic_data.py": "b76030824ecea0837ea3d4d4d5542b42e43958b9023f46161dca5e125eff677c"
    },
    "model": {
      "arm": "nonrecursive",
      "complex_mode": true,
      "context_length": 128,
      "ffn_hidden": 80,
      "name": "rebis-path-nonrecursive",
      "phase_destroy": false,
      "rounds": 1,
      "vocab_size": 256,
      "width": 20
    },
    "parameters": 32131,
    "schedule_sha256": "3699cf903ae23d931c14bb45380085d54ff04fc6ecfb7e435cc339080792f29c",
    "seed": 29,
    "steps": 150,
    "version": "rebis-path-pilot-v1"
  },
  "run_id": "nonrecursive.seed_29.steps_150.ctx_128",
  "status": "complete",
  "train_final_loss": 4.907475471496582,
  "train_first_loss": 5.724710941314697,
  "training_elapsed_seconds": 25.467844193997735
}
