{
  "environment": {
    "device": "CPU",
    "platform": "Linux-6.12.85+deb13-amd64-x86_64-with-glibc2.41"
  },
  "final_test": {
    "bits_per_byte": 7.018458057238698,
    "elapsed_seconds": 1.7199333649987238,
    "nats_per_byte": 4.864824414253235,
    "perplexity": 129.64817224200266,
    "tokens": 4096,
    "tokens_per_second": 2381.487610715104
  },
  "final_validation": {
    "bits_per_byte": 7.0357287270209925,
    "elapsed_seconds": 1.2804595090055955,
    "nats_per_byte": 4.876795530319214,
    "perplexity": 131.20953252605332,
    "tokens": 2048,
    "tokens_per_second": 1599.425819868741
  },
  "path_diagnostics_last_batch": [
    {
      "phase_circular_mean": -1.9444541931152344,
      "phase_std": 1.7965199947357178,
      "radius_max": 8.354572296142578,
      "radius_mean": 3.2398810386657715
    }
  ],
  "protocol": {
    "batch_size": 4,
    "context_length": 128,
    "corpus_bytes": 200000,
    "corpus_sha256": "650afa43b5b793c41c9b0783da50dfe82bc21759c2d6e3bd0f147050f0b8a0f4",
    "data_seed": 10017,
    "implementation_sha256": {
      "benchmark_complex_path.py": "17652b1c4bdb4da58edf1dd1e0080bfe356e5af91802fc231e4930ac22cf1341",
      "complex_path.py": "8be3c41ba5cac21ac64b0207f5f83fa3370f37f1d5ca79a3a79e57adb6be61bc",
      "synthetic_data.py": "b76030824ecea0837ea3d4d4d5542b42e43958b9023f46161dca5e125eff677c"
    },
    "model": {
      "arm": "nonrecursive",
      "complex_mode": true,
      "context_length": 128,
      "ffn_hidden": 80,
      "name": "rebis-path-nonrecursive",
      "phase_destroy": false,
      "rounds": 1,
      "vocab_size": 256,
      "width": 20
    },
    "parameters": 32131,
    "schedule_sha256": "e003235ddd494c73f6106e867c0a825750a62d5af898f9e14961989a5845b285",
    "seed": 17,
    "steps": 150,
    "version": "rebis-path-pilot-v1"
  },
  "run_id": "nonrecursive.seed_17.steps_150.ctx_128",
  "status": "complete",
  "train_final_loss": 4.849621295928955,
  "train_first_loss": 5.719472885131836,
  "training_elapsed_seconds": 65.79013767099968
}
