{
  "environment": {
    "device": "CPU",
    "platform": "Linux-6.12.85+deb13-amd64-x86_64-with-glibc2.41"
  },
  "final_test": {
    "bits_per_byte": 8.028022015201014,
    "elapsed_seconds": 3.3294656860016403,
    "nats_per_byte": 5.564600825309753,
    "perplexity": 261.0209899385957,
    "tokens": 4096,
    "tokens_per_second": 1230.2274257461688
  },
  "final_validation": {
    "bits_per_byte": 8.032808636339828,
    "elapsed_seconds": 1.7212783399954787,
    "nats_per_byte": 5.567918658256531,
    "perplexity": 261.8884522305475,
    "tokens": 2048,
    "tokens_per_second": 1189.8133802144862
  },
  "path_diagnostics_last_batch": [
    {
      "phase_circular_mean": -0.9259597659111023,
      "phase_std": 1.143255591392517,
      "radius_max": 7.982295513153076,
      "radius_mean": 1.9506973028182983
    },
    {
      "phase_circular_mean": -0.9573273658752441,
      "phase_std": 1.1430249214172363,
      "radius_max": 15.816973686218262,
      "radius_mean": 4.012691497802734
    }
  ],
  "protocol": {
    "batch_size": 4,
    "context_length": 128,
    "corpus_bytes": 200000,
    "corpus_sha256": "650afa43b5b793c41c9b0783da50dfe82bc21759c2d6e3bd0f147050f0b8a0f4",
    "data_seed": 10029,
    "implementation_sha256": {
      "benchmark_complex_path.py": "ed9efb9452951eff69ab60df78cbcf511b13ff516029252e862599b7c69e8b04",
      "complex_path.py": "8be3c41ba5cac21ac64b0207f5f83fa3370f37f1d5ca79a3a79e57adb6be61bc",
      "synthetic_data.py": "b76030824ecea0837ea3d4d4d5542b42e43958b9023f46161dca5e125eff677c"
    },
    "model": {
      "arm": "phase-destroyed",
      "complex_mode": true,
      "context_length": 128,
      "ffn_hidden": 80,
      "name": "rebis-path-phase-destroyed",
      "phase_destroy": true,
      "rounds": 2,
      "vocab_size": 256,
      "width": 20
    },
    "parameters": 32171,
    "schedule_sha256": "3699cf903ae23d931c14bb45380085d54ff04fc6ecfb7e435cc339080792f29c",
    "seed": 29,
    "steps": 150,
    "version": "rebis-path-pilot-v1"
  },
  "run_id": "phase-destroyed.seed_29.steps_150.ctx_128",
  "status": "complete",
  "train_final_loss": 6.332104682922363,
  "train_first_loss": 6.604207515716553,
  "training_elapsed_seconds": 75.38079541900515
}
