{
  "environment": {
    "device": "CPU",
    "platform": "Linux-6.12.85+deb13-amd64-x86_64-with-glibc2.41"
  },
  "final_test": {
    "bits_per_byte": 8.013788387050306,
    "elapsed_seconds": 3.263338361000933,
    "nats_per_byte": 5.554734826087952,
    "perplexity": 258.45841900266515,
    "tokens": 4096,
    "tokens_per_second": 1255.1563910595137
  },
  "final_validation": {
    "bits_per_byte": 8.03701103241366,
    "elapsed_seconds": 4.590802104998147,
    "nats_per_byte": 5.570831537246704,
    "perplexity": 262.6524137243354,
    "tokens": 2048,
    "tokens_per_second": 446.10940597293
  },
  "path_diagnostics_last_batch": [
    {
      "phase_circular_mean": 0.24181386828422546,
      "phase_std": 1.6236956119537354,
      "radius_max": 8.32607364654541,
      "radius_mean": 1.4345210790634155
    },
    {
      "phase_circular_mean": -0.2703973650932312,
      "phase_std": 1.6762703657150269,
      "radius_max": 17.380168914794922,
      "radius_mean": 2.5769784450531006
    }
  ],
  "protocol": {
    "batch_size": 4,
    "context_length": 128,
    "corpus_bytes": 200000,
    "corpus_sha256": "650afa43b5b793c41c9b0783da50dfe82bc21759c2d6e3bd0f147050f0b8a0f4",
    "data_seed": 10017,
    "implementation_sha256": {
      "benchmark_complex_path.py": "17652b1c4bdb4da58edf1dd1e0080bfe356e5af91802fc231e4930ac22cf1341",
      "complex_path.py": "8be3c41ba5cac21ac64b0207f5f83fa3370f37f1d5ca79a3a79e57adb6be61bc",
      "synthetic_data.py": "b76030824ecea0837ea3d4d4d5542b42e43958b9023f46161dca5e125eff677c"
    },
    "model": {
      "arm": "phase-destroyed",
      "complex_mode": true,
      "context_length": 128,
      "ffn_hidden": 80,
      "name": "rebis-path-phase-destroyed",
      "phase_destroy": true,
      "rounds": 2,
      "vocab_size": 256,
      "width": 20
    },
    "parameters": 32171,
    "schedule_sha256": "e003235ddd494c73f6106e867c0a825750a62d5af898f9e14961989a5845b285",
    "seed": 17,
    "steps": 150,
    "version": "rebis-path-pilot-v1"
  },
  "run_id": "phase-destroyed.seed_17.steps_150.ctx_128",
  "status": "complete",
  "train_final_loss": 6.352625846862793,
  "train_first_loss": 6.596058368682861,
  "training_elapsed_seconds": 118.36559446200408
}
