{
  "environment": {
    "device": "CPU",
    "platform": "Linux-6.12.85+deb13-amd64-x86_64-with-glibc2.41"
  },
  "final_test": {
    "bits_per_byte": 8.036161868075025,
    "elapsed_seconds": 3.803090011999302,
    "nats_per_byte": 5.570242941379547,
    "perplexity": 262.49786308751345,
    "tokens": 4096,
    "tokens_per_second": 1077.0189469816712
  },
  "final_validation": {
    "bits_per_byte": 8.02893610299035,
    "elapsed_seconds": 1.8740215819998411,
    "nats_per_byte": 5.565234422683716,
    "perplexity": 261.1864245563051,
    "tokens": 2048,
    "tokens_per_second": 1092.8369340413358
  },
  "path_diagnostics_last_batch": [
    {
      "phase_circular_mean": 2.948408842086792,
      "phase_std": 2.1192209720611572,
      "radius_max": 5.008497714996338,
      "radius_mean": 2.1199588775634766
    },
    {
      "phase_circular_mean": 2.6489572525024414,
      "phase_std": 1.8989050388336182,
      "radius_max": 10.540547370910645,
      "radius_mean": 2.736550807952881
    }
  ],
  "protocol": {
    "batch_size": 4,
    "context_length": 128,
    "corpus_bytes": 200000,
    "corpus_sha256": "650afa43b5b793c41c9b0783da50dfe82bc21759c2d6e3bd0f147050f0b8a0f4",
    "data_seed": 10043,
    "implementation_sha256": {
      "benchmark_complex_path.py": "ed9efb9452951eff69ab60df78cbcf511b13ff516029252e862599b7c69e8b04",
      "complex_path.py": "8be3c41ba5cac21ac64b0207f5f83fa3370f37f1d5ca79a3a79e57adb6be61bc",
      "synthetic_data.py": "b76030824ecea0837ea3d4d4d5542b42e43958b9023f46161dca5e125eff677c"
    },
    "model": {
      "arm": "phase-destroyed",
      "complex_mode": true,
      "context_length": 128,
      "ffn_hidden": 80,
      "name": "rebis-path-phase-destroyed",
      "phase_destroy": true,
      "rounds": 2,
      "vocab_size": 256,
      "width": 20
    },
    "parameters": 32171,
    "schedule_sha256": "c98b927a13360850a2065e538eb41c9ab0d261a16fd292817d307b74ce756e4b",
    "seed": 43,
    "steps": 150,
    "version": "rebis-path-pilot-v1"
  },
  "run_id": "phase-destroyed.seed_43.steps_150.ctx_128",
  "status": "complete",
  "train_final_loss": 6.3408355712890625,
  "train_first_loss": 6.586657524108887,
  "training_elapsed_seconds": 80.28738183200039
}
