{
  "environment": {
    "device": "CPU",
    "platform": "Linux-6.12.85+deb13-amd64-x86_64-with-glibc2.41"
  },
  "final_test": {
    "bits_per_byte": 7.021284420122978,
    "elapsed_seconds": 2.4475159970024833,
    "nats_per_byte": 4.866783499717712,
    "perplexity": 129.90241305015888,
    "tokens": 4096,
    "tokens_per_second": 1673.5334947826468
  },
  "final_validation": {
    "bits_per_byte": 7.041574073358517,
    "elapsed_seconds": 1.912780461992952,
    "nats_per_byte": 4.880847215652466,
    "perplexity": 131.74223069852044,
    "tokens": 2048,
    "tokens_per_second": 1070.6926595570517
  },
  "path_diagnostics_last_batch": [
    {
      "radius_max": 4.933356761932373,
      "radius_mean": 2.4570152759552
    },
    {
      "radius_max": 9.768420219421387,
      "radius_mean": 5.090260982513428
    }
  ],
  "protocol": {
    "batch_size": 4,
    "context_length": 128,
    "corpus_bytes": 200000,
    "corpus_sha256": "650afa43b5b793c41c9b0783da50dfe82bc21759c2d6e3bd0f147050f0b8a0f4",
    "data_seed": 10017,
    "implementation_sha256": {
      "benchmark_complex_path.py": "17652b1c4bdb4da58edf1dd1e0080bfe356e5af91802fc231e4930ac22cf1341",
      "complex_path.py": "8be3c41ba5cac21ac64b0207f5f83fa3370f37f1d5ca79a3a79e57adb6be61bc",
      "synthetic_data.py": "b76030824ecea0837ea3d4d4d5542b42e43958b9023f46161dca5e125eff677c"
    },
    "model": {
      "arm": "real",
      "complex_mode": false,
      "context_length": 128,
      "ffn_hidden": 80,
      "name": "rebis-path-real",
      "phase_destroy": false,
      "rounds": 2,
      "vocab_size": 256,
      "width": 20
    },
    "parameters": 32164,
    "schedule_sha256": "e003235ddd494c73f6106e867c0a825750a62d5af898f9e14961989a5845b285",
    "seed": 17,
    "steps": 150,
    "version": "rebis-path-pilot-v1"
  },
  "run_id": "real.seed_17.steps_150.ctx_128",
  "status": "complete",
  "train_final_loss": 5.582695484161377,
  "train_first_loss": 6.590061187744141,
  "training_elapsed_seconds": 106.56854702599958
}
