{
  "environment": {
    "device": "CPU",
    "platform": "Linux-6.12.85+deb13-amd64-x86_64-with-glibc2.41"
  },
  "final_test": {
    "bits_per_byte": 7.016102066904529,
    "elapsed_seconds": 2.4963600560004124,
    "nats_per_byte": 4.863191366195679,
    "perplexity": 129.43662332794275,
    "tokens": 4096,
    "tokens_per_second": 1640.7889519601108
  },
  "final_validation": {
    "bits_per_byte": 7.036347348616146,
    "elapsed_seconds": 1.330494641995756,
    "nats_per_byte": 4.877224326133728,
    "perplexity": 131.2658066886253,
    "tokens": 2048,
    "tokens_per_second": 1539.2771495328823
  },
  "path_diagnostics_last_batch": [
    {
      "radius_max": 6.3917131423950195,
      "radius_mean": 2.5557103157043457
    },
    {
      "radius_max": 12.776385307312012,
      "radius_mean": 5.258669376373291
    }
  ],
  "protocol": {
    "batch_size": 4,
    "context_length": 128,
    "corpus_bytes": 200000,
    "corpus_sha256": "650afa43b5b793c41c9b0783da50dfe82bc21759c2d6e3bd0f147050f0b8a0f4",
    "data_seed": 10029,
    "implementation_sha256": {
      "benchmark_complex_path.py": "ed9efb9452951eff69ab60df78cbcf511b13ff516029252e862599b7c69e8b04",
      "complex_path.py": "8be3c41ba5cac21ac64b0207f5f83fa3370f37f1d5ca79a3a79e57adb6be61bc",
      "synthetic_data.py": "b76030824ecea0837ea3d4d4d5542b42e43958b9023f46161dca5e125eff677c"
    },
    "model": {
      "arm": "real",
      "complex_mode": false,
      "context_length": 128,
      "ffn_hidden": 80,
      "name": "rebis-path-real",
      "phase_destroy": false,
      "rounds": 2,
      "vocab_size": 256,
      "width": 20
    },
    "parameters": 32164,
    "schedule_sha256": "3699cf903ae23d931c14bb45380085d54ff04fc6ecfb7e435cc339080792f29c",
    "seed": 29,
    "steps": 150,
    "version": "rebis-path-pilot-v1"
  },
  "run_id": "real.seed_29.steps_150.ctx_128",
  "status": "complete",
  "train_final_loss": 5.657209396362305,
  "train_first_loss": 6.5559468269348145,
  "training_elapsed_seconds": 35.49984246499662
}
