{
  "environment": {
    "device": "CPU",
    "platform": "Linux-6.12.85+deb13-amd64-x86_64-with-glibc2.41"
  },
  "final_test": {
    "bits_per_byte": 7.012884701463513,
    "elapsed_seconds": 3.2272807889967225,
    "nats_per_byte": 4.8609612584114075,
    "perplexity": 129.14828733635937,
    "tokens": 4096,
    "tokens_per_second": 1269.1799281813776
  },
  "final_validation": {
    "bits_per_byte": 7.041595571189876,
    "elapsed_seconds": 1.47570906799956,
    "nats_per_byte": 4.88086211681366,
    "perplexity": 131.74419382536252,
    "tokens": 2048,
    "tokens_per_second": 1387.8074238414931
  },
  "path_diagnostics_last_batch": [
    {
      "radius_max": 5.604409694671631,
      "radius_mean": 2.6181368827819824
    },
    {
      "radius_max": 11.002856254577637,
      "radius_mean": 5.371490001678467
    }
  ],
  "protocol": {
    "batch_size": 4,
    "context_length": 128,
    "corpus_bytes": 200000,
    "corpus_sha256": "650afa43b5b793c41c9b0783da50dfe82bc21759c2d6e3bd0f147050f0b8a0f4",
    "data_seed": 10043,
    "implementation_sha256": {
      "benchmark_complex_path.py": "ed9efb9452951eff69ab60df78cbcf511b13ff516029252e862599b7c69e8b04",
      "complex_path.py": "8be3c41ba5cac21ac64b0207f5f83fa3370f37f1d5ca79a3a79e57adb6be61bc",
      "synthetic_data.py": "b76030824ecea0837ea3d4d4d5542b42e43958b9023f46161dca5e125eff677c"
    },
    "model": {
      "arm": "real",
      "complex_mode": false,
      "context_length": 128,
      "ffn_hidden": 80,
      "name": "rebis-path-real",
      "phase_destroy": false,
      "rounds": 2,
      "vocab_size": 256,
      "width": 20
    },
    "parameters": 32164,
    "schedule_sha256": "c98b927a13360850a2065e538eb41c9ab0d261a16fd292817d307b74ce756e4b",
    "seed": 43,
    "steps": 150,
    "version": "rebis-path-pilot-v1"
  },
  "run_id": "real.seed_43.steps_150.ctx_128",
  "status": "complete",
  "train_final_loss": 5.558563232421875,
  "train_first_loss": 6.608436107635498,
  "training_elapsed_seconds": 35.61630738499662
}
