{
  "efficiency": {
    "sisyphus_to_transformer_training_throughput_ratio": 0.19657962956066652,
    "transformer_training_speedup": 5.086997072051098
  },
  "models": {
    "sisyphus": {
      "parameters": [
        29811
      ],
      "peak_rss_kib_stats": {
        "mean": 810653.6,
        "n": 5,
        "sample_std": 83038.56899537709,
        "standard_error": 37135.977005593915
      },
      "steady_training_tokens_per_second_stats": {
        "mean": 1024.6995530107458,
        "n": 5,
        "sample_std": 17.950522064343517,
        "standard_error": 8.027717513496391
      },
      "test_bits_per_byte": [
        3.744767223173568,
        3.708759280055916,
        3.726987248268575,
        3.825528878659705,
        3.7396905102984115
      ],
      "test_bits_per_byte_stats": {
        "mean": 3.7491466280912347,
        "n": 5,
        "sample_std": 0.044902732512899626,
        "standard_error": 0.0200811124548667
      },
      "test_inference_tokens_per_second_stats": {
        "mean": 1386.5063173149629,
        "n": 5,
        "sample_std": 59.87308494239343,
        "standard_error": 26.776057590762157
      },
      "training_elapsed_seconds_stats": {
        "mean": 288.4157458099973,
        "n": 5,
        "sample_std": 11.630158713516597,
        "standard_error": 5.201165094506922
      }
    },
    "transformer": {
      "parameters": [
        29792
      ],
      "peak_rss_kib_stats": {
        "mean": 838962.4,
        "n": 5,
        "sample_std": 43716.77450132844,
        "standard_error": 19550.73590839997
      },
      "steady_training_tokens_per_second_stats": {
        "mean": 5212.643625897733,
        "n": 5,
        "sample_std": 39.9709588509644,
        "standard_error": 17.875556223320658
      },
      "test_bits_per_byte": [
        3.7545262282119585,
        3.821549608577535,
        3.7940014920558247,
        3.800328239330946,
        3.8361176999885083
      ],
      "test_bits_per_byte_stats": {
        "mean": 3.801304653632955,
        "n": 5,
        "sample_std": 0.031081815568112143,
        "standard_error": 0.013900210494881998
      },
      "test_inference_tokens_per_second_stats": {
        "mean": 5659.6390516297415,
        "n": 5,
        "sample_std": 253.4612889551154,
        "standard_error": 113.35133435367094
      },
      "training_elapsed_seconds_stats": {
        "mean": 62.0656382776011,
        "n": 5,
        "sample_std": 7.501656354860338,
        "standard_error": 3.3548427106622
      }
    }
  },
  "paired": {
    "bootstrap_95_percent_ci": [
      -0.09708985604213635,
      -0.006116855348442219
    ],
    "definition": "Sisyphus test bpb minus Transformer test bpb; negative favors Sisyphus",
    "differences": [
      -0.009759005038390445,
      -0.11279032852161919,
      -0.06701424378724985,
      0.02520063932875871,
      -0.09642718969009678
    ],
    "mean_relative_bpb_reduction_percent": 1.3721085336286356,
    "quality_edge_supported": true,
    "seeds": [
      17,
      29,
      43,
      71,
      113
    ],
    "sisyphus_wins": 4,
    "stats": {
      "mean": -0.05215802554171951,
      "n": 5,
      "sample_std": 0.05839259852452584,
      "standard_error": 0.02611396393673874
    },
    "ties": 0,
    "transformer_wins": 1
  },
  "recursive_revision": {
    "definition": "round 2 bpb minus round 1 bpb; negative means revision improved prediction",
    "differences": [
      -0.05195552886902721,
      -0.06855901345513038,
      -0.06663777376451074,
      -0.07184493548034654,
      -0.06360249495509596
    ],
    "improved_seeds": 5,
    "stats": {
      "mean": -0.06451994930482216,
      "n": 5,
      "sample_std": 0.007634805588475007,
      "standard_error": 0.00341438885816508
    }
  }
}
